name,timeStamp
00001,1539157692.0
00002,1539157692.0
00003,1539157692.0
00008,1539675838.0
00009,1539675833.0
00011,1539826507.0
00012,1539311003.0
00013,1539311179.0
00014,1539674636.0
00015,1539854447.0
00016,1539674630.0
00017,1539675665.0
00018,1539849468.0
00019,1539849634.0
00020,1539677880.0
00021,1539678537.0
00022,1539849877.0
00023,1542336743.0
00024,1539854240.0
00025,1539767109.0
00026,1539761062.0
00027,1539758607.0
00028,1539764197.0
00029,1539852616.0
00030,1542704824.0
00031,1540044169.0
00032-1,1542436631.0
00032,1542270958.0
00033,1540453349.0
00034,1542337890.0
00035,1542703129.0
00036,1542703003.0
00037,1542608648.0
00038,1542607025.0
00039,1542437203.0
00040,1542700865.0
M00001,1539846958.0
M00002,1542362758.0
M00003,1542362884.0
M00004,1542362796.0
M00005,1542697902.0
M00006,1542349484.0
